{
  "experiment": "time_budget",
  "time_budget_s": 300.0,
  "repair_mode": "verifier_feedback",
  "checkpoint_seconds": [
    30.0,
    60.0,
    120.0,
    300.0
  ],
  "solve_rate": 0.6875,
  "mean_solve_time_s": 2.3495959981363637,
  "median_solve_time_s": 1.0246033749999996,
  "overall_pass_by_time": {
    "30s": 0.6875,
    "60s": 0.6875,
    "120s": 0.6875,
    "300s": 0.6875
  },
  "is_partial": false
}