{
  "k": 3.587954532168807e+248,
  "alpha": 25.009492912274915,
  "beta": 0.8936462720375186,
  "equation": "d_phys = k * S^(-alpha) * D^(beta)",
  "fit_method": "log_linear_least_squares",
  "bootstrap": {
    "samples": 500,
    "k_mean": 1.426143385812811e+301,
    "alpha_mean": 25.01096810759585,
    "beta_mean": 0.8961696057436416,
    "k_ci95": [
      1.9070267284600563e+220,
      1.7724182718656488e+275
    ],
    "alpha_ci95": [
      22.20737788887285,
      27.645644140142004
    ],
    "beta_ci95": [
      0.1614885641179372,
      1.5515715049740055
    ]
  },
  "is_partial": false
}