{
  "k": 3.413198256361425e+234,
  "alpha": 23.513010533059106,
  "beta": 0.8548039719138515,
  "equation": "d_phys = k * S^(-alpha) * D^(beta)",
  "fit_method": "log_linear_least_squares",
  "bootstrap": {
    "samples": 2000,
    "k_mean": 2.272582726430878e+286,
    "alpha_mean": 23.483961968040692,
    "beta_mean": 0.8486283973263966,
    "k_ci95": [
      6.38370153577417e+203,
      4.992902511687859e+262
    ],
    "alpha_ci95": [
      20.486311044894094,
      26.29225100766876
    ],
    "beta_ci95": [
      0.0824901426753672,
      1.5672023011150116
    ]
  },
  "is_partial": false
}