{
  "k": 1.1695082368588548e+146,
  "alpha": 14.667493202176644,
  "beta": -0.7065353119901128,
  "equation": "d_phys = k * S^(-alpha) * D^(beta)",
  "fit_method": "log_linear_least_squares",
  "bootstrap": {
    "samples": 500,
    "k_mean": 7.171284644700759e+184,
    "alpha_mean": 14.698533741119537,
    "beta_mean": -0.7041351120404022,
    "k_ci95": [
      1.3830235960522552e+120,
      1.861280786074487e+175
    ],
    "alpha_ci95": [
      12.093656428578251,
      17.513649162039183
    ],
    "beta_ci95": [
      -1.474496124598073,
      -0.015049456277057064
    ]
  },
  "is_partial": false
}