{
  "experiment": "time_budget",
  "time_budget_s": 300.0,
  "repair_mode": "verifier_feedback",
  "checkpoint_seconds": [
    30.0,
    60.0,
    120.0,
    300.0
  ],
  "solve_rate": 0.9375,
  "mean_solve_time_s": 11.257791736,
  "median_solve_time_s": 7.1142224999999994,
  "overall_pass_by_time": {
    "30s": 0.84375,
    "60s": 0.9375,
    "120s": 0.9375,
    "300s": 0.9375
  },
  "is_partial": false
}