{
  "k": 7.818018354415731e+28,
  "alpha": 3.261643501132445,
  "beta": 0.09205080449562869,
  "equation": "d_phys = k * S^(-alpha) * D^(beta)",
  "fit_method": "log_linear_least_squares",
  "bootstrap": {
    "samples": 2000,
    "k_mean": 4.725245764070126e+31,
    "alpha_mean": 3.2616626859509696,
    "beta_mean": 0.09334737963293045,
    "k_ci95": [
      8.867715203715784e+25,
      6.441780518898088e+31
    ],
    "alpha_ci95": [
      2.9593909261506304,
      3.5575375890990237
    ],
    "beta_ci95": [
      -0.27885878956081805,
      0.4598903051390118
    ]
  },
  "is_partial": false
}