{
  "k": 3.9561217939869375e+21,
  "alpha": 2.444374575830678,
  "beta": 0.17473353808410824,
  "equation": "d_phys = k * S^(-alpha) * D^(beta)",
  "fit_method": "log_linear_least_squares",
  "bootstrap": {
    "samples": 2000,
    "k_mean": 6.029988898412986e+23,
    "alpha_mean": 2.443754821650768,
    "beta_mean": 0.166033437608601,
    "k_ci95": [
      5.174700532140249e+18,
      2.4120110310278475e+24
    ],
    "alpha_ci95": [
      2.1496304796346895,
      2.7231078921752707
    ],
    "beta_ci95": [
      -0.16817007463567415,
      0.5081629743273379
    ]
  },
  "is_partial": false
}