{
  "k": 417.43310765792506,
  "alpha": 0.4231952735574865,
  "beta": -0.015279688039413016,
  "equation": "d_phys = k * S^(-alpha) * D^(beta)",
  "fit_method": "log_linear_least_squares",
  "bootstrap": {
    "samples": 500,
    "k_mean": 94463.16595654792,
    "alpha_mean": 0.41525161086878826,
    "beta_mean": -0.019284749364863706,
    "k_ci95": [
      0.7389990543250717,
      154930.0660799797
    ],
    "alpha_ci95": [
      0.14716018303101225,
      0.6836198207126307
    ],
    "beta_ci95": [
      -0.3415427966134525,
      0.31898319897836297
    ]
  },
  "is_partial": false
}