{
  "k": 18883110048271.723,
  "alpha": 1.5802952323059785,
  "beta": -0.019572300152970002,
  "equation": "d_phys = k * S^(-alpha) * D^(beta)",
  "fit_method": "log_linear_least_squares",
  "bootstrap": {
    "samples": 2000,
    "k_mean": 4874770762825236.0,
    "alpha_mean": 1.576387871515754,
    "beta_mean": -0.01824059742391114,
    "k_ci95": [
      19639589212.29406,
      1.7824744077815808e+16
    ],
    "alpha_ci95": [
      1.2733325373393074,
      1.885319303002422
    ],
    "beta_ci95": [
      -0.4024456547672972,
      0.36533545063178374
    ]
  },
  "is_partial": false
}