{
  "experiment": "time_budget",
  "time_budget_s": 300.0,
  "checkpoint_seconds": [
    30.0,
    60.0,
    120.0,
    300.0
  ],
  "solve_rate": 0.671875,
  "mean_solve_time_s": 1.9525556530232557,
  "median_solve_time_s": 1.10627275,
  "overall_pass_by_time": {
    "30s": 0.671875,
    "60s": 0.671875,
    "120s": 0.671875,
    "300s": 0.671875
  },
  "is_partial": false
}