{
  "k": 1.711133631891341e+19,
  "alpha": 2.2572799988942642,
  "beta": -0.13697647194492435,
  "equation": "d_phys = k * S^(-alpha) * D^(beta)",
  "fit_method": "log_linear_least_squares",
  "bootstrap": {
    "samples": 2000,
    "k_mean": 1.7281192798548872e+22,
    "alpha_mean": 2.2610268267239015,
    "beta_mean": -0.13147941853223774,
    "k_ci95": [
      1.0926516245643938e+16,
      3.2422827135095305e+22
    ],
    "alpha_ci95": [
      1.9330392814987465,
      2.587451761747935
    ],
    "beta_ci95": [
      -0.5234638169434902,
      0.2578130683069025
    ]
  },
  "is_partial": false
}