{
  "k": 77750.46163090308,
  "alpha": 0.8449549016750889,
  "beta": 0.07314330152243505,
  "equation": "d_phys = k * S^(-alpha) * D^(beta)",
  "fit_method": "log_linear_least_squares",
  "bootstrap": {
    "samples": 2000,
    "k_mean": 2.0172969063009137e+20,
    "alpha_mean": 0.8406860785618948,
    "beta_mean": 0.06862543620412055,
    "k_ci95": [
      5.751233227190673e-08,
      3.0824014456714252e+16
    ],
    "alpha_ci95": [
      -0.3602062775127887,
      1.9944581221159368
    ],
    "beta_ci95": [
      -0.4697555414760317,
      0.6303198361669125
    ]
  },
  "is_partial": false
}