{
  "k": 1161766.1438047958,
  "alpha": 0.9565759818063672,
  "beta": -0.022055687531898533,
  "equation": "d_phys = k * S^(-alpha) * D^(beta)",
  "fit_method": "log_linear_least_squares",
  "bootstrap": {
    "samples": 2000,
    "k_mean": 5.386769419784267e+24,
    "alpha_mean": 0.9904866309517655,
    "beta_mean": -0.020820205015656682,
    "k_ci95": [
      3.1354246073841354e-07,
      4.800493822304347e+18
    ],
    "alpha_ci95": [
      -0.2940951416539381,
      2.214978793324506
    ],
    "beta_ci95": [
      -0.5781802956961527,
      0.5106219070976951
    ]
  },
  "is_partial": false
}