{
  "k": 6.971690646838967e+16,
  "alpha": 1.9928345195439574,
  "beta": -0.2902041844956248,
  "equation": "d_phys = k * S^(-alpha) * D^(beta)",
  "fit_method": "log_linear_least_squares",
  "bootstrap": {
    "samples": 2000,
    "k_mean": 5.7500149182466254e+20,
    "alpha_mean": 1.9868407351080126,
    "beta_mean": -0.28159939997216826,
    "k_ci95": [
      1753941152027.58,
      1.921390333824389e+21
    ],
    "alpha_ci95": [
      1.5087362067009655,
      2.4621871928516836
    ],
    "beta_ci95": [
      -0.875697509452364,
      0.3265116390883176
    ]
  },
  "is_partial": false
}