{
  "k": 9.999999888304315e-09,
  "alpha": -4.741034843716813e-10,
  "beta": 8.797892349069797e-10,
  "equation": "d_phys = k * S^(-alpha) * D^(beta)"
}